ID,Wilaya,University,Level of your study,How did you hear of CSE Around Algeria?,Select the workshop you wish to attend,Rate your knowledge in the field of the workshop
1,Alger,ESI,1 cs / L3,Recommended by a friend or a colleague,"Intro to cloud",3
2,Alger,University of Algiers 1,2 cp / L2,Recommended by a friend or a colleague,"Intro to cloud",3
3,Alger,ESI,2 cp / L2,CSE's social media,"Intro to cloud",2
4,Alger,ESI,2 cs / Master 1,CSE's social media,"Intro to cloud",3
5,Alger,ESI,1 cp / L1,CSE's social media,"Intro to cloud",2
6,Alger,ESI,2 cp / L2,CSE's social media,"Intro to cloud",2
7,Alger,ESI,2 cp / L2,CSE's social media,"Intro to cloud",1
8,Alger,ESI,1 cp / L1,CSE's social media,"Intro to cloud",1
9,Alger,ESI,2 cs / Master 1,CSE's social media,"Intro to cloud",1
10,Alger,ESI,2 cs / Master 1,CSE's social media,"Intro to cloud",2
11,Alger,University of Algiers 1,1 cs / L3,Your local partner of CSE Around Algeria,"Intro to cloud",3
12,Alger,ESI,2 cs / Master 1,Your local partner of CSE Around Algeria,"Intro to cloud",2
13,Alger,ESI,2 cs / Master 1,CSE's social media,"Intro to cloud",1
14,Alger,ESI,2 cs / Master 1,Your local partner of CSE Around Algeria,"Intro to cloud",2
15,Alger,ESI,2 cp / L2,Your local partner of CSE Around Algeria,"Intro to cloud",2
16,Alger,ESI,1 cs / L3,CSE's social media,"Intro to cloud",1
17,Alger,ESI,1 cs / L3,CSE's social media,"Dev WEB : intro to HTML CSS",1
18,Alger,ESI,1 cp / L1,CSE's social media,"Dev WEB : intro to HTML CSS",2
19,Alger,ESI,2 cp / L2,CSE's social media,"Dev WEB : intro to HTML CSS",3
20,Alger,ESI,1 cp / L1,Recommended by a friend or a colleague,"Dev WEB : intro to HTML CSS",2
21,Alger,ESI,2 cs / Master 1,CSE's social media,"Dev WEB : intro to HTML CSS",2
22,Alger,ESI,2 cs / Master 1,CSE's social media,"Dev WEB : intro to HTML CSS",2
23,Alger,ESI,1 cp / L1,CSE's social media,"Dev WEB : intro to HTML CSS",1
24,Alger,ESI,1 cs / L3,CSE's social media,"Intro to cloud",2
25,Alger,ESI,1 cp / L1,CSE's social media,"Dev WEB : intro to HTML CSS",1
26,Alger,ESI,2 cp / L2,CSE's social media,"Dev WEB : intro to HTML CSS",3
27,Alger,ESI,2 cp / L2,Recommended by a friend or a colleague,"Dev WEB : intro to HTML CSS",3
28,Alger,USTHB,1 cp / L1,Recommended by a friend or a colleague,"Dev WEB : intro to HTML CSS",3
29,Alger,Faculty of medicine  Ziania,2 cp / L2,Recommended by a friend or a colleague,"Dev WEB : intro to HTML CSS",1
30,Alger,Faculty of medicine  Ziania,2 cp / L2,Your local partner of CSE Around Algeria,"Dev WEB : intro to HTML CSS",1
31,Alger,Faculty of medicine  Ziania,1 cp / L1,Your local partner of CSE Around Algeria,"Dev WEB : intro to HTML CSS",3
32,Alger,Faculty of medicine  Ziania,2 cp / L2,Your local partner of CSE Around Algeria,"Dev WEB : intro to HTML CSS",2
33,Alger,Faculty of medicine  Ziania,2 cp / L2,Your local partner of CSE Around Algeria,"Dev WEB : intro to HTML CSS",1
34,Alger,Faculty of medicine  Ziania,2 cp / L2,Recommended by a friend or a colleague,"Dev WEB : intro to HTML CSS",1
35,Alger,Faculty of medicine  Ziania,2 cp / L2,Recommended by a friend or a colleague,"Dev WEB : intro to HTML CSS",1
36,Alger,Faculty of medicine  Ziania,1 cp / L1,Your local partner of CSE Around Algeria,"Dev WEB : intro to HTML CSS",1
37,Alger,Faculty of medicine  Ziania,2 cp / L2,Your local partner of CSE Around Algeria,"Dev WEB : intro to HTML CSS",2
38,Alger,Faculty of medicine  Ziania,1 cp / L1,Your local partner of CSE Around Algeria,"Dev WEB : intro to HTML CSS",2
39,Alger,Faculty of medicine  Ziania,2 cp / L2,Your local partner of CSE Around Algeria,"Dev WEB : intro to HTML CSS",3
40,Alger,Faculty of medicine  Ziania,2 cp / L2,CSE's social media,"Intro to cloud",1
41,Alger,Faculty of medicine  Ziania,1 cs / L3,CSE's social media,"Intro to cloud",1
42,Alger,Faculty of medicine  Ziania,2 cp / L2,CSE's social media,"Intro to cloud",3
43,Alger,Faculty of medicine  Ziania,1 cp / L1,CSE's social media,"Intro to cloud",1
44,Alger,Faculty of medicine  Ziania,1 cp / L1,CSE's social media,"Intro to cloud",3
45,Alger,Faculty of medicine  Ziania,1 cp / L1,Recommended by a friend or a colleague,"Intro to cloud",1
46,Alger,Faculty of medicine  Ziania,2 cs / Master 1,CSE's social media,"Dev WEB : intro to HTML CSS",2
47,Alger,Faculty of medicine  Ziania,2 cp / L2,CSE's social media,"Dev WEB : intro to HTML CSS",1
48,Alger,Faculty of medicine  Ziania,2 cs / Master 1,Your local partner of CSE Around Algeria,"Dev WEB : intro to HTML CSS",1
49,Alger,Faculty of medicine  Ziania,2 cp / L2,Your local partner of CSE Around Algeria,"Dev WEB : intro to HTML CSS",2
50,Alger,Faculty of medicine  Ziania,1 cs / L3,Your local partner of CSE Around Algeria,"Dev WEB : intro to HTML CSS",1
51,Alger,Faculty of medicine  Ziania,1 cs / L3,CSE's social media,"Dev WEB : intro to HTML CSS",3
52,Alger,Faculty of medicine  Ziania,1 cs / L3,CSE's social media,"Dev WEB : intro to HTML CSS",2
53,Alger,Faculty of medicine  Ziania,1 cp / L1,CSE's social media,"Dev WEB : intro to HTML CSS",1
54,Alger,Faculty of medicine  Ziania,1 cs / L3,Recommended by a friend or a colleague,"Dev WEB : intro to HTML CSS",1
55,Alger,Faculty of medicine  Ziania,1 cp / L1,Your local partner of CSE Around Algeria,"Dev WEB : intro to HTML CSS",1
56,Alger,Faculty of medicine  Ziania,1 cp / L1,Your local partner of CSE Around Algeria,"Dev WEB : intro to HTML CSS",1
57,Alger,Faculty of medicine  Ziania,2 cp / L2,Your local partner of CSE Around Algeria,"Dev WEB : intro to HTML CSS",1
58,Alger,Faculty of medicine  Ziania,1 cp / L1,Your local partner of CSE Around Algeria,"Dev WEB : intro to HTML CSS",1
59,Alger,Faculty of medicine  Ziania,1 cp / L1,CSE's social media,"Intro to machine learning an AI",1
60,Alger,Faculty of medicine  Ziania,1 cp / L1,CSE's social media,"Intro to machine learning an AI",1
61,Alger,Faculty of medicine  Ziania,1 cs / L3,Your local partner of CSE Around Algeria,"Intro to cloud",1
62,Alger,Faculty of medicine  Ziania,1 cs / L3,Your local partner of CSE Around Algeria,"Intro to cloud",1
63,Alger,Faculty of medicine  Ziania,1 cp / L1,Your local partner of CSE Around Algeria,"Intro to cloud",1
64,Alger,Faculty of medicine  Ziania,2 cp / L2,Your local partner of CSE Around Algeria,"Intro to cloud",1
65,Alger,Faculty of medicine  Ziania,1 cp / L1,Your local partner of CSE Around Algeria,"Intro to cloud",1
66,Alger,Faculty of medicine  Ziania,1 cp / L1,Your local partner of CSE Around Algeria,"Intro to cloud",2
67,Alger,Faculty of medicine  Ziania,1 cp / L1,CSE's social media,"Intro to cloud",2
68,Alger,Faculty of medicine  Ziania,2 cp / L2,Your local partner of CSE Around Algeria,"Intro to cloud",2
69,Alger,Faculty of medicine  Ziania,2 cp / L2,Your local partner of CSE Around Algeria,"Intro to cloud",1
70,Alger,Faculty of medicine  Ziania,1 cp / L1,Your local partner of CSE Around Algeria,"Intro to machine learning an AI",1
71,Alger,Faculty of medicine  Ziania,2 cp / L2,CSE's social media,"Intro to machine learning an AI",1
72,Alger,Faculty of medicine  Ziania,2 cp / L2,Recommended by a friend or a colleague,"Intro to machine learning an AI",1
73,Alger,Faculty of medicine  Ziania,2 cp / L2,CSE's social media,"Intro to machine learning an AI",2
74,Alger,Faculty of medicine  Ziania,1 cs / L3,CSE's social media,"Intro to machine learning an AI",1
75,Alger,Faculty of medicine  Ziania,2 cs / Master 1,Your local partner of CSE Around Algeria,"Intro to machine learning an AI",1
76,Alger,Faculty of medicine  Ziania,1 cp / L1,Recommended by a friend or a colleague,"Intro to machine learning an AI",1
77,Alger,Faculty of medicine  Ziania,1 cp / L1,Recommended by a friend or a colleague,"Intro to machine learning an AI",1
78,Alger,University of Algiers 1,2 cp / L2,CSE's social media,"Dev WEB : intro to HTML CSS",1
79,Alger,ESI,2 cs / Master 1,CSE's social media,"Intro to machine learning an AI",1
80,Alger,ESI,2 cp / L2,CSE's social media,"Intro to machine learning an AI",3
81,Alger,ESI,2 cs / Master 1,CSE's social media,"Intro to machine learning an AI",1
82,Alger,ESI,2 cp / L2,CSE's social media,"Intro to machine learning an AI",3
83,Alger,ESI,1 cp / L1,CSE's social media,"Intro to machine learning an AI",1
84,Alger,ESI,2 cp / L2,Your local partner of CSE Around Algeria,"Intro to machine learning an AI",1
85,Alger,ESI,1 cs / L3,Recommended by a friend or a colleague,"Intro to machine learning an AI",1
86,Alger,University of Algiers 1,1 cp / L1,CSE's social media,"Intro to machine learning an AI",1
87,Alger,University of Algiers 1,1 cp / L1,CSE's social media,"Intro to machine learning an AI",1
88,Alger,University of Algiers 1,1 cs / L3,CSE's social media,"Intro to cloud",1
89,Alger,University of Algiers 1,2 cp / L2,Your local partner of CSE Around Algeria,"Intro to machine learning an AI",3
90,Alger,University of Algiers 1,1 cp / L1,CSE's social media,"Intro to machine learning an AI",2
91,Alger,USTHB,2 cp / L2,CSE's social media,"Intro to machine learning an AI",2
92,Alger,University of Algiers 1,2 cp / L2,Recommended by a friend or a colleague,"Intro to machine learning an AI",3
93,Alger,University of Algiers 1,2 cp / L2,Recommended by a friend or a colleague,"Intro to machine learning an AI",3
94,Alger,University of Algiers 1,1 cp / L1,Recommended by a friend or a colleague,"Intro to machine learning an AI",1
95,Alger,University of Algiers 1,1 cp / L1,CSE's social media,"Intro to machine learning an AI",3
96,Alger,University of Algiers 1,2 cs / Master 1,CSE's social media,"Intro to machine learning an AI",1
97,Alger,ESI,2 cp / L2,CSE's social media,"Intro to machine learning an AI",1
98,Alger,ESI,2 cs / Master 1,CSE's social media,"Intro to machine learning an AI",1
99,Alger,University of Algiers 1,2 cs / Master 1,Recommended by a friend or a colleague,"Intro to machine learning an AI",2
100,Alger,USTHB,1 cp / L1,CSE's social media,"Intro to machine learning an AI",1
101,Alger,USTHB,1 cs / L3,CSE's social media,"Intro to machine learning an AI",2
102,Alger,USTHB,1 cp / L1,Recommended by a friend or a colleague,"Dev WEB : intro to HTML CSS",3
103,Alger,USTHB,2 cs / Master 1,CSE's social media,"Dev WEB : intro to HTML CSS",1
104,Alger,USTHB,2 cp / L2,CSE's social media,"Dev WEB : intro to HTML CSS",1
105,Alger,USTHB,2 cs / Master 1,Your local partner of CSE Around Algeria,"Dev WEB : intro to HTML CSS",2
106,Alger,USTHB,1 cp / L1,CSE's social media,"Dev WEB : intro to HTML CSS",3
107,Alger,USTHB,2 cs / Master 1,CSE's social media,"Dev WEB : intro to HTML CSS",1
108,Alger,USTHB,1 cs / L3,Recommended by a friend or a colleague,"Dev WEB : intro to HTML CSS",3
109,Alger,USTHB,1 cp / L1,CSE's social media,"Dev WEB : intro to HTML CSS",2
110,Alger,USTHB,2 cp / L2,CSE's social media,"Intro to cloud",3
111,Alger,USTHB,2 cp / L2,CSE's social media,"Intro to cloud",1
112,Alger,USTHB,1 cp / L1,CSE's social media,"Intro to cloud",3
113,Alger,USTHB,1 cp / L1,CSE's social media,"Intro to cloud",1
114,Alger,USTHB,2 cp / L2,CSE's social media,"Intro to cloud",2
115,Alger,USTHB,1 cp / L1,CSE's social media,"Intro to cloud",1
116,Alger,USTHB,2 cp / L2,CSE's social media,"Intro to cloud",2
117,Alger,USTHB,1 cp / L1,CSE's social media,"Dev WEB : intro to HTML CSS",1
118,Alger,USTHB,1 cp / L1,Your local partner of CSE Around Algeria,"Dev WEB : intro to HTML CSS",1
119,Alger,ESI,2 cs / Master 1,Recommended by a friend or a colleague,"Dev WEB : intro to HTML CSS",1
120,Alger,ESI,2 cp / L2,CSE's social media,"Intro to machine learning an AI",1
121,Alger,USTHB,1 cp / L1,CSE's social media,"Dev WEB : intro to HTML CSS",1
